Index,First Name,Last Name,Sex,Date of birth,Job Title
1,Shelby,Terrell,Male,1945-10-26,Games developer
2,Phillip,Summers,Female,1910-03-24,Phytotherapist
3,Kristine,Travis,Male,1992-07-02,Homeopath
4,Yesenia,Martinez,Male,2017-08-03,Market researcher
5,Lori,Todd,Male,1938-12-01,Veterinary surgeon
6,Erin,Day,Male,2015-10-28,Waste management officer
7,Katherine,Buck,Female,1989-01-22,Intelligence analyst
8,Ricardo,Hinton,Male,1924-03-26,Hydrogeologist
9,Dave,Farrell,Male,2018-10-06,Lawyer
10,Isaiah,Downs,Male,1964-09-20,"Engineer, site"
11,Sheila,Ross,Female,2008-03-20,Advertising account executive
12,Stacy,Newton,Male,1980-10-20,Warden/ranger
13,Mandy,Blake,Male,2007-12-08,"Scientist, clinical (histocompatibility and immunogenetics)"
14,Bridget,Nash,Female,2004-06-28,Social worker
15,Crystal,Farmer,Male,1992-03-09,Agricultural consultant
16,Thomas,Knight,Female,2006-02-18,Sport and exercise psychologist
17,Maurice,Rangel,Male,2004-08-20,Secretary/administrator
18,Frank,Meadows,Male,2008-09-16,Audiological scientist
19,Alvin,Paul,Male,1949-05-12,"Teacher, adult education"
20,Jared,Mitchell,Female,1921-01-18,Paediatric nurse
21,Jacqueline,Norton,Female,1952-10-09,"Scientist, marine"
22,Colleen,Hatfield,Female,1949-10-14,Commercial horticulturist
23,Randy,Barnes,Male,1947-12-30,Outdoor activities/education manager
24,Janice,Rhodes,Female,1999-11-01,Drilling engineer
25,Alfred,Mcneil,Female,1993-05-28,Systems analyst
26,Sean,Levine,Male,2010-10-09,"Conservation officer, nature"
27,Louis,Payne,Male,1916-01-29,Counsellor
28,Brittney,Vega,Female,1932-10-31,Recycling officer
29,Judy,Buckley,Male,1963-07-28,Art gallery manager
30,Norman,Weber,Male,1957-05-21,Gaffer
31,Isaiah,Camacho,Female,1966-04-07,Food technologist
32,Jacqueline,Gallagher,Male,1999-02-25,Building services engineer
33,Bonnie,Andrews,Female,1953-12-21,Seismic interpreter
34,Brandon,Schmidt,Female,1931-05-12,"Engineer, biomedical"
35,Jackson,Sparks,Female,1980-11-18,Set designer
36,Melody,Cook,Male,1963-06-25,Research scientist (life sciences)
37,Leonard,Hurst,Male,1938-03-13,"Accountant, chartered management"
38,Gene,Rich,Female,1946-08-22,"Surveyor, quantity"
39,Cynthia,Wiggins,Female,1984-01-27,Outdoor activities/education manager
40,Tanya,Mckinney,Female,2003-03-12,Information systems manager
41,Matthew,Stone,Female,2017-08-23,"Scientist, clinical (histocompatibility and immunogenetics)"
42,Kirk,Walsh,Female,2009-04-08,Accounting technician
43,Willie,Vang,Female,1978-02-02,Management consultant
44,Miguel,Hill,Female,1930-08-26,Make
45,Darren,Andrews,Male,1997-10-04,Retail banker
46,Haley,Pugh,Female,1980-09-16,Commissioning editor
47,Danielle,Estrada,Female,1930-07-09,"Accountant, chartered management"
48,Becky,Brady,Male,1957-06-27,Seismic interpreter
49,Caitlyn,Frey,Male,1968-01-26,Jewellery designer
50,Joshua,Sweeney,Male,1954-07-28,"Education officer, museum"
51,Heidi,Escobar,Female,1931-09-25,Estate manager/land agent
52,Brian,Oconnell,Female,1911-10-23,Physiotherapist
53,Beverly,Esparza,Female,1930-12-09,Passenger transport manager
54,Nathaniel,Rivas,Female,1908-11-17,Call centre manager
55,Debra,Payne,Female,1927-08-20,Special educational needs teacher
56,Mackenzie,Rocha,Female,1980-10-21,Museum/gallery exhibitions officer
57,Courtney,Watkins,Female,2003-12-07,Pension scheme manager
58,Fred,Olsen,Female,1910-04-10,Archaeologist
59,Ryan,Nelson,Female,1924-05-02,Historic buildings inspector/conservation officer
60,Grace,Phelps,Male,1909-10-15,Petroleum engineer
61,Shari,Daugherty,Male,1944-11-24,Curator
62,Kelli,Garner,Male,2010-01-17,Retail banker
63,Jackie,Bennett,Male,1915-11-11,Neurosurgeon
64,Leslie,Conway,Female,1983-11-06,Chiropractor
65,Harold,Barnett,Female,1943-03-15,"Biochemist, clinical"
66,Larry,Harper,Male,2021-05-05,"Scientist, water quality"
67,Mike,Ward,Female,1967-11-09,Hydrologist
68,Brittney,Rubio,Female,1959-12-24,"Biochemist, clinical"
69,Frank,Pineda,Male,1926-03-10,Hospital pharmacist
70,Sandra,Wu,Male,1925-04-28,Warehouse manager
71,Ryan,Benton,Male,2020-10-06,Physiological scientist
72,Tamara,Hull,Male,1933-01-31,English as a second language teacher
73,Jean,Ritter,Female,1985-08-06,Financial trader
74,Veronica,Briggs,Female,1974-06-08,Structural engineer
75,Kim,Andrews,Female,1990-11-15,"Biochemist, clinical"
76,Tina,Cunningham,Male,1956-11-29,Race relations officer
77,Jonathon,Atkinson,Male,2011-07-19,"Psychologist, forensic"
78,Jermaine,Reid,Female,1974-08-18,Newspaper journalist
79,Regina,Stevens,Male,2011-11-28,Public house manager
80,Terrence,Huff,Male,1944-02-27,Careers information officer
81,Tyler,Foley,Female,1908-09-19,Economist
82,Andrew,Waters,Male,1948-05-14,Jewellery designer
83,Reginald,Stephenson,Male,2010-02-08,Contracting civil engineer
84,Douglas,Reese,Female,1961-11-11,Higher education lecturer
85,Helen,Williamson,Female,1911-08-11,"Lecturer, further education"
86,Mario,Vaughn,Male,1990-07-08,Research scientist (life sciences)
87,Chelsea,Dickson,Male,1958-05-13,"Teacher, early years/pre"
88,Dustin,Bailey,Male,1908-08-22,Travel agency manager
89,Harry,Medina,Female,1947-08-24,Technical sales engineer
90,Kathy,Haney,Female,1955-09-02,Charity fundraiser
91,Alison,Nixon,Female,1941-07-10,Patent attorney
92,Jamie,Hardy,Female,1994-07-17,"Conservator, furniture"
93,Melody,Cox,Female,1974-07-30,Dance movement psychotherapist
94,Xavier,Cole,Male,1938-11-29,Financial planner
95,Dillon,Guzman,Female,1942-04-01,Air broker
96,Dennis,Barnes,Female,1954-07-30,Software engineer
97,Steve,Patterson,Female,1932-04-29,Barrister
98,Wesley,Bray,Male,1994-12-28,Police officer
99,Summer,Oconnell,Female,2012-04-12,Broadcast journalist
100,Mariah,Bernard,Male,2016-11-15,IT sales professional
